Mince,0,Butchers
Roast Chicken,0,Butchers
Chicken Drumsticks,1,Butchers
Chicken MaryLand,0,Butchers
Chicken Thighs,1,Butchers
Chicken Breasts,1,Butchers
Beef,1,Butchers
Pulled Pork,1,Butchers
Soup Meat,0,Butchers
cavolonero leaves,0,greengrocers
celeriac,0,greengrocers
brocolli,1,greengrocers
cauliflour,1,greengrocers
Zuchini,1,greengrocers
Mushrooms,1,greengrocers
garlic,1,greengrocers
carrots,1,greengrocers
parsnips,1,greengrocers
leeks,0,greengrocers
cucumbers,1,greengrocers
tomatoe,1,greengrocers
celery,0,greengrocers
lemongrass,0,greengrocers
bok choy,0,greengrocers
brussel sprouts,1,greengrocers
apples,1,greengrocers
shallots,1,greengrocers
Lime leaves,0,woolworths
bay leaves,0,woolworths
honey,1,greengrocers
onion,0,greengrocers
bread crumbs,0,woolworths
Spray and wipe,0,woolworths
parmisan,1,woolworths
Shampoo,0,woolworths
eggs,1,woolworths
Conditioner,0,woolworths
flour,0,woolworths
toothpaste,0,woolworths
beef stock,0,woolworths
deoderant,0,woolworths
worcestershire sauce,0,woolworths
body wash,0,woolworths
tomatoe paste,0,woolworths
tooth brushes,0,woolworths
laundry detergent,0,woolworths
chilli,0,woolworths
dishwashing detergent,1,woolworths
fish sauce,0,woolworths
Dishwasher detergent,0,woolworths
cummun,0,woolworths
toilet paper,0,woolworths
wraps,1,woolworths
oil,0,woolworths
green curry paste,1,woolworths
coconut milk,1,woolworths
Korma Paste,0,woolworths
Rice,0,woolworths
Lentils,0,woolworths
baked beans,1,woolworths
butter,1,woolworths
nuttlex,1,woolworths
peanut butter,1,woolworths
bread  ,1,woolworths
water,1,woolworths
sauce,0,woolworths
coffee,1,woolworths
Mini Bin,0,woolworths
Ham,1,woolworths
Tea,0,woolworths
rice cakes,1,woolworths
jam,1,woolworths
cheese,1,woolworths
lemon/lime,0,woolworths
yogurght,1,woolworths
yacouilt,1,woolworths
xanthm gum,0,woolworths
bleach,0,woolworths
freezer bags,0,woolworths
sugar,0,woolworths
flour,0,woolworths
oyster sauce,0,woolworths
bacon,1,woolworths
vegimite,1,woolworths
toothpaste,0,woolworths
rock salt,1,woolworths
rubbish bags,0,woolworths
marinara,0,woolworths
disinfectant,0,woolworths
Apple Cider Vinager,0,woolworths
ground corriander,0,woolworths
garam masala,0,woolworths
plain youghurt,1,woolworths
ginger,0,woolworths
Bottom Soap,0,woolworths
Bottom Wipes,1,woolworths
scrubbers,1,woolworths
wood floor cleaner,0,woolworths
porridge,1,woolworths
